Year,Month,Conference,curriculum,bom_share,dc_share,nt_share,ot_share,curriculum_book_share
1971,4,1971-04,nt,0.15658362989323843,0.23843416370106763,0.3594306049822064,0.16370106761565836,0.3594306049822064
1971,10,1971-10,nt,0.10355987055016182,0.2686084142394822,0.34627831715210355,0.18446601941747573,0.34627831715210355
1972,4,1972-04,bom,0.12749003984063745,0.250996015936255,0.4541832669322709,0.12350597609561753,0.12749003984063745
1972,10,1972-10,bom,0.09907120743034056,0.32507739938080493,0.3498452012383901,0.1393188854489164,0.09907120743034056
1973,4,1973-04,dc,0.166189111747851,0.22063037249283668,0.3839541547277937,0.1346704871060172,0.22063037249283668
1973,10,1973-10,dc,0.14594594594594595,0.37027027027027026,0.2972972972972973,0.0918918918918919,0.37027027027027026
1974,4,1974-04,ot,0.14042553191489363,0.2553191489361702,0.42127659574468085,0.12340425531914893,0.12340425531914893
1974,10,1974-10,ot,0.10242587601078167,0.22911051212938005,0.40700808625336926,0.18867924528301888,0.18867924528301888
1975,4,1975-04,nt,0.2017291066282421,0.2507204610951009,0.3371757925072046,0.16714697406340057,0.3371757925072046
1975,10,1975-10,nt,0.17272727272727273,0.28484848484848485,0.2727272727272727,0.12727272727272726,0.2727272727272727
1976,4,1976-04,bom,0.14615384615384616,0.3076923076923077,0.3717948717948718,0.12564102564102564,0.14615384615384616
1976,10,1976-10,bom,0.14204545454545456,0.2471590909090909,0.4715909090909091,0.11079545454545454,0.14204545454545456
1977,4,1977-04,dc,0.1903323262839879,0.22054380664652568,0.39274924471299094,0.12084592145015106,0.22054380664652568
1977,10,1977-10,dc,0.1541501976284585,0.34782608695652173,0.2766798418972332,0.15019762845849802,0.34782608695652173
1978,4,1978-04,ot,0.14527027027027026,0.30067567567567566,0.28378378378378377,0.17905405405405406,0.17905405405405406
1978,10,1978-10,ot,0.18992248062015504,0.3023255813953488,0.31007751937984496,0.1124031007751938,0.1124031007751938
1979,4,1979-04,nt,0.13677811550151975,0.2826747720364742,0.40425531914893614,0.1337386018237082,0.40425531914893614
1979,10,1979-10,nt,0.22887323943661972,0.31690140845070425,0.29225352112676056,0.08450704225352113,0.29225352112676056
1980,4,1980-04,bom,0.16236162361623616,0.28413284132841327,0.35793357933579334,0.15129151291512916,0.16236162361623616
1980,10,1980-10,bom,0.11299435028248588,0.4152542372881356,0.2627118644067797,0.14689265536723164,0.11299435028248588
1981,4,1981-04,dc,0.14957264957264957,0.2948717948717949,0.3803418803418803,0.11965811965811966,0.2948717948717949
1981,10,1981-10,dc,0.19653179190751446,0.24277456647398843,0.41329479768786126,0.07803468208092486,0.24277456647398843
1982,4,1982-04,ot,0.12980769230769232,0.3173076923076923,0.40865384615384615,0.10336538461538461,0.10336538461538461
1982,10,1982-10,ot,0.19387755102040816,0.22108843537414966,0.41836734693877553,0.1360544217687075,0.1360544217687075
1983,4,1983-04,nt,0.16606498194945848,0.2779783393501805,0.33935018050541516,0.17689530685920576,0.33935018050541516
1983,10,1983-10,nt,0.25477707006369427,0.21337579617834396,0.35668789808917195,0.1305732484076433,0.35668789808917195
1984,4,1984-04,bom,0.27169811320754716,0.27169811320754716,0.3018867924528302,0.11320754716981132,0.27169811320754716
1984,10,1984-10,bom,0.21341463414634146,0.24695121951219512,0.3597560975609756,0.14939024390243902,0.21341463414634146
1985,4,1985-04,dc,0.260752688172043,0.1693548387096774,0.3709677419354839,0.1774193548387097,0.1693548387096774
1985,10,1985-10,dc,0.32682926829268294,0.22682926829268293,0.3097560975609756,0.1073170731707317,0.22682926829268293
1986,4,1986-04,ot,0.3968253968253968,0.19576719576719576,0.23015873015873015,0.11904761904761904,0.11904761904761904
1986,10,1986-10,ot,0.3439306358381503,0.20520231213872833,0.24277456647398843,0.15028901734104047,0.15028901734104047
1987,4,1987-04,nt,0.3743455497382199,0.23821989528795812,0.28534031413612565,0.06282722513089005,0.28534031413612565
1987,10,1987-10,nt,0.4013452914798206,0.21524663677130046,0.1726457399103139,0.07623318385650224,0.1726457399103139
1988,4,1988-04,bom,0.2783018867924528,0.1792452830188679,0.37028301886792453,0.13443396226415094,0.2783018867924528
1988,10,1988-10,bom,0.33073929961089493,0.2178988326848249,0.3035019455252918,0.10116731517509728,0.33073929961089493
1989,4,1989-04,dc,0.35023041474654376,0.2534562211981567,0.27419354838709675,0.08755760368663594,0.2534562211981567
1989,10,1989-10,dc,0.30434782608695654,0.3016304347826087,0.24456521739130435,0.10597826086956522,0.3016304347826087
1990,4,1990-04,ot,0.2532299741602067,0.2222222222222222,0.2997416020671835,0.15503875968992248,0.15503875968992248
1990,10,1990-10,ot,0.3252747252747253,0.2703296703296703,0.23516483516483516,0.11648351648351649,0.11648351648351649
1991,4,1991-04,nt,0.25,0.20876288659793815,0.35051546391752575,0.15979381443298968,0.35051546391752575
1991,10,1991-10,nt,0.32997481108312343,0.2518891687657431,0.24685138539042822,0.12594458438287154,0.24685138539042822
1992,4,1992-04,bom,0.3522167487684729,0.1896551724137931,0.3497536945812808,0.07389162561576355,0.3522167487684729
1992,10,1992-10,bom,0.3564356435643564,0.23267326732673269,0.21782178217821782,0.16584158415841585,0.3564356435643564
1993,4,1993-04,dc,0.43734643734643736,0.2751842751842752,0.20393120393120392,0.056511056511056514,0.2751842751842752
1993,10,1993-10,dc,0.2916666666666667,0.28685897435897434,0.20833333333333334,0.10897435897435898,0.28685897435897434
1994,4,1994-04,ot,0.24,0.2,0.41333333333333333,0.09555555555555556,0.09555555555555556
1994,10,1994-10,ot,0.24362606232294617,0.34277620396600567,0.26628895184135976,0.0764872521246459,0.0764872521246459
1995,4,1995-04,nt,0.27486910994764396,0.2670157068062827,0.2801047120418848,0.14136125654450263,0.2801047120418848
1995,10,1995-10,nt,0.2367816091954023,0.25057471264367814,0.2896551724137931,0.167816091954023,0.2896551724137931
1996,4,1996-04,bom,0.24079320113314448,0.28895184135977336,0.28895184135977336,0.14447592067988668,0.24079320113314448
1996,10,1996-10,bom,0.27954545454545454,0.2636363636363636,0.2909090909090909,0.07272727272727272,0.27954545454545454
1997,4,1997-04,dc,0.3253968253968254,0.19576719576719576,0.38095238095238093,0.04497354497354497,0.19576719576719576
1997,10,1997-10,dc,0.21951219512195122,0.2804878048780488,0.3597560975609756,0.0975609756097561,0.2804878048780488
1998,4,1998-04,ot,0.23920265780730898,0.2026578073089701,0.3488372093023256,0.14285714285714285,0.14285714285714285
1998,10,1998-10,ot,0.2776203966005666,0.3087818696883853,0.26628895184135976,0.10764872521246459,0.10764872521246459
1999,4,1999-04,nt,0.2953846153846154,0.23384615384615384,0.3415384615384615,0.09538461538461539,0.3415384615384615
1999,10,1999-10,nt,0.41044776119402987,0.1791044776119403,0.2562189054726368,0.11940298507462686,0.2562189054726368
2000,4,2000-04,bom,0.32432432432432434,0.21205821205821207,0.28274428274428276,0.079002079002079,0.32432432432432434
2000,10,2000-10,bom,0.345679012345679,0.2366255144032922,0.29835390946502055,0.09259259259259259,0.345679012345679
2001,4,2001-04,dc,0.36043956043956044,0.25054945054945055,0.24395604395604395,0.1054945054945055,0.25054945054945055
2001,10,2001-10,dc,0.3665987780040733,0.1710794297352342,0.2708757637474542,0.13034623217922606,0.1710794297352342
2002,4,2002-04,ot,0.29018789144050106,0.25052192066805845,0.29436325678496866,0.11899791231732777,0.11899791231732777
2002,10,2002-10,ot,0.2873303167420814,0.23529411764705882,0.2647058823529412,0.1515837104072398,0.1515837104072398
2003,4,2003-04,nt,0.2896174863387978,0.26229508196721313,0.27595628415300544,0.13387978142076504,0.27595628415300544
2003,10,2003-10,nt,0.2484472049689441,0.2505175983436853,0.3146997929606625,0.08488612836438923,0.3146997929606625
2004,4,2004-04,bom,0.2973568281938326,0.2577092511013216,0.2665198237885463,0.12334801762114538,0.2973568281938326
2004,10,2004-10,bom,0.28865979381443296,0.3324742268041237,0.2809278350515464,0.061855670103092786,0.28865979381443296
2005,4,2005-04,dc,0.38341968911917096,0.25129533678756477,0.19948186528497408,0.06735751295336788,0.25129533678756477
2005,10,2005-10,dc,0.2934472934472934,0.23646723646723647,0.2962962962962963,0.09971509971509972,0.23646723646723647
2006,4,2006-04,ot,0.4821852731591449,0.20902612826603326,0.171021377672209,0.05938242280285035,0.05938242280285035
2006,10,2006-10,ot,0.38010657193605685,0.1847246891651865,0.3019538188277087,0.09591474245115453,0.09591474245115453
2007,4,2007-04,nt,0.29691211401425177,0.3515439429928741,0.23990498812351543,0.0688836104513064,0.23990498812351543
2007,10,2007-10,nt,0.33195020746887965,0.22406639004149378,0.27800829875518673,0.12033195020746888,0.27800829875518673
2008,4,2008-04,bom,0.33261802575107297,0.24248927038626608,0.2703862660944206,0.08798283261802575,0.33261802575107297
2008,10,2008-10,bom,0.29174311926605506,0.29357798165137616,0.25504587155963304,0.07155963302752294,0.29174311926605506
2009,4,2009-04,dc,0.2980132450331126,0.2693156732891832,0.293598233995585,0.10154525386313466,0.2693156732891832
2009,10,2009-10,dc,0.40772532188841204,0.24034334763948498,0.21244635193133046,0.07725321888412018,0.24034334763948498
2010,4,2010-04,ot,0.27654867256637167,0.2588495575221239,0.2920353982300885,0.13274336283185842,0.13274336283185842
2010,10,2010-10,ot,0.3537117903930131,0.2292576419213974,0.2685589519650655,0.08951965065502183,0.08951965065502183
2011,4,2011-04,nt,0.32642487046632124,0.31088082901554404,0.22279792746113988,0.08290155440414508,0.22279792746113988
2011,10,2011-10,nt,0.3261261261261261,0.20540540540540542,0.2972972972972973,0.13153153153153152,0.2972972972972973
2012,4,2012-04,bom,0.3117505995203837,0.2422062350119904,0.328537170263789,0.08393285371702638,0.3117505995203837
2012,10,2012-10,bom,0.35365853658536583,0.2540650406504065,0.3008130081300813,0.06504065040650407,0.35365853658536583
2013,4,2013-04,dc,0.21638330757341576,0.3230293663060278,0.3508500772797527,0.07418856259659969,0.3230293663060278
2013,10,2013-10,dc,0.3183673469387755,0.23061224489795917,0.2714285714285714,0.10612244897959183,0.23061224489795917
2014,4,2014-04,ot,0.2975,0.2525,0.32,0.0675,0.0675
2014,10,2014-10,ot,0.32130584192439865,0.20962199312714777,0.3281786941580756,0.07216494845360824,0.07216494845360824
2015,4,2015-04,nt,0.3333333333333333,0.20159680638722555,0.28542914171656686,0.11976047904191617,0.28542914171656686
2015,10,2015-10,nt,0.32388663967611336,0.20445344129554655,0.3319838056680162,0.10931174089068826,0.3319838056680162
2016,4,2016-04,bom,0.31353919239904987,0.26365795724465557,0.2755344418052256,0.09263657957244656,0.31353919239904987
2016,10,2016-10,bom,0.4855769230769231,0.18108974358974358,0.26121794871794873,0.038461538461538464,0.4855769230769231
2017,4,2017-04,dc,0.31272727272727274,0.24181818181818182,0.3090909090909091,0.0890909090909091,0.24181818181818182
2017,10,2017-10,dc,0.36779324055666,0.24652087475149106,0.2644135188866799,0.08548707753479125,0.24652087475149106
2018,4,2018-04,ot,0.37681159420289856,0.2422360248447205,0.2815734989648033,0.057971014492753624,0.057971014492753624
2018,10,2018-10,ot,0.3553113553113553,0.2216117216117216,0.29304029304029305,0.07509157509157509,0.07509157509157509
2019,4,2019-04,nt,0.4039408866995074,0.21839080459770116,0.23645320197044334,0.09688013136288999,0.23645320197044334
2019,10,2019-10,nt,0.39361702127659576,0.22695035460992907,0.2322695035460993,0.08333333333333333,0.2322695035460993
2020,4,2020-04,bom,0.47210884353741495,0.17006802721088435,0.17414965986394557,0.09251700680272108,0.47210884353741495
2020,10,2020-10,bom,0.3321100917431193,0.21651376146788992,0.26605504587155965,0.12844036697247707,0.3321100917431193
2021,4,2021-04,dc,0.32558139534883723,0.2574750830564784,0.2724252491694352,0.09302325581395349,0.2574750830564784
2021,10,2021-10,dc,0.375,0.1875,0.2993421052631579,0.09046052631578948,0.1875
2022,4,2022-04,ot,0.3373676248108926,0.23600605143721634,0.29954614220877457,0.07866868381240545,0.07866868381240545
2022,10,2022-10,ot,0.37962962962962965,0.18209876543209877,0.3287037037037037,0.06481481481481481,0.06481481481481481
2023,4,2023-04,nt,0.4087694483734088,0.15841584158415842,0.347949080622348,0.04809052333804809,0.347949080622348
2023,10,2023-10,nt,0.2982998454404946,0.250386398763524,0.312210200927357,0.10046367851622875,0.312210200927357
2024,4,2024-04,bom,0.40055632823365783,0.23087621696801114,0.24756606397774686,0.08762169680111266,0.40055632823365783
2024,10,2024-10,bom,0.3925619834710744,0.18732782369146006,0.2630853994490358,0.09090909090909091,0.3925619834710744
2025,4,2025-04,dc,0.3238095238095238,0.20952380952380953,0.32653061224489793,0.09251700680272108,0.20952380952380953
2025,10,2025-10,dc,0.39514978601997147,0.17118402282453637,0.3024251069900143,0.0898716119828816,0.17118402282453637
