Speaker,n_talks,bom_tilt_pp,dc_tilt_pp,pgp_tilt_pp,nt_tilt_pp,ot_tilt_pp,bom_raw_share,dc_raw_share,pgp_raw_share,nt_raw_share,ot_raw_share,bom_va_share,dc_va_share,pgp_va_share,nt_va_share,ot_va_share
A. Theodore Tuttle,17,-9.51449092543669,0.6608651300423429,21.727612003896184,-5.304371797275027,-7.569614411226815,0.21621621621621623,0.5495495495495496,0.04504504504504504,0.0990990990990991,0.09009009009009009,0.12107130696184934,0.556158200849973,0.2623211650840069,0.046055381126348834,0.01439394597782194
Adney Y. Komatsu,10,-3.9620978445298243,17.40540172618545,0.0,-10.093075021616826,-3.350228860038793,0.28888888888888886,0.3111111111111111,0.0,0.35555555555555557,0.044444444444444446,0.24926791044359062,0.4851651283729656,0.0,0.2546248053393873,0.010942155844056516
Barbara B. Smith,20,-2.7392550069496453,9.570389452395068,25.8603931222818,-11.067468286603201,-21.62405928112402,0.14035087719298245,0.21052631578947367,0.03508771929824561,0.3333333333333333,0.2807017543859649,0.112958327123486,0.30623021031342434,0.2936916505210636,0.2226586504673013,0.0644611615747247
Bernard P. Brockbank,11,-1.5498134584512304,13.994397491791938,11.312470480648246,-16.99332421773829,-6.7637302962506665,0.07731958762886598,0.31443298969072164,0.015463917525773196,0.5051546391752577,0.08762886597938144,0.06182145304435368,0.454376964608641,0.12858862233225565,0.3352213969978748,0.019991563016874773
Bonnie D. Parkin,12,-8.501647836975557,7.16375029448017,16.2244427275268,-9.87912308824385,-5.007422096787574,0.45652173913043476,0.15217391304347827,0.021739130434782608,0.30434782608695654,0.06521739130434782,0.3715052607606792,0.22381141598827997,0.18398355771005062,0.20555659520451805,0.015143170336472086
Boyd K. Packer,90,-15.514313688448974,1.332846693533285,30.231178677522934,-10.275835211683502,-5.773876470923735,0.36711409395973155,0.30604026845637583,0.06040268456375839,0.19731543624161074,0.0691275167785235,0.2119709570752418,0.3193687353917087,0.36271447133898777,0.09455708412477572,0.011388752069286141
Brook P. Hales,11,-17.14521501741472,-1.5602470834321451,43.05421823396768,-11.532128043591939,-12.816628089528873,0.35,0.2,0.1,0.2,0.15,0.17854784982585276,0.18439752916567856,0.5305421823396768,0.08467871956408062,0.02183371910471126
Bruce R. McConkie,30,-5.318561966786102,-3.127665368422222,39.334419435579825,-19.462337889851465,-11.425854210520022,0.10666666666666667,0.3333333333333333,0.09333333333333334,0.3333333333333333,0.13333333333333333,0.05348104699880566,0.3020566796491111,0.4866775276891316,0.13870995443481865,0.019074791228133107
Carlos E. Asay,11,-16.278433032711966,0.39639120637370295,38.83647667214548,-15.414077025147083,-7.540357820660132,0.37566137566137564,0.164021164021164,0.07936507936507936,0.291005291005291,0.08994708994708994,0.21287704533425597,0.16798507608490104,0.4677298460865342,0.13686452075382016,0.01454351174048862
Charles A. Didier,12,-20.724959563211574,-6.293858337779573,47.06900135912612,-8.913558008588813,-11.136625449546141,0.35135135135135137,0.24324324324324326,0.14414414414414414,0.13513513513513514,0.12612612612612611,0.14410175571923564,0.18030465986544753,0.6148341577354053,0.04599955504924701,0.014759871630664705
D. Todd Christofferson,42,-14.507880900541329,0.8682985292126133,34.754212708371554,-15.126811741745438,-5.987818595297401,0.34081104400345125,0.2286453839516825,0.06988783433994823,0.28904227782571185,0.07161345987920621,0.19573223499803796,0.23732836924380862,0.41742996142366373,0.13777416040825746,0.011735273926232206
Dale G. Renlund,23,-11.044869643361782,8.402460096849252,17.954664509520345,-6.63473212468236,-8.677522838325457,0.4576547231270358,0.2263843648208469,0.026058631921824105,0.1791530944625407,0.11074918566775244,0.347206026693418,0.3104089657893394,0.20560527701702758,0.11280577321571711,0.02397395728449787
Dallin H. Oaks,102,-10.300825932265365,5.802485748638625,23.946541599899835,-13.707699987813617,-5.740501428459474,0.3234613604812587,0.25034706154558073,0.03933364183248496,0.3155946321147617,0.07126330402591392,0.22045310115860503,0.308371919031967,0.2787990578314833,0.1785176322366255,0.013858289741319179
David A. Bednar,43,-18.67119468939408,0.8641998483973012,33.55680140904423,-10.186023635743854,-5.563782932303605,0.43807574206755373,0.23336745138178097,0.06755373592630501,0.19447287615148415,0.06653019447287616,0.2513637951736129,0.24200944986575398,0.4031217500167474,0.0926126397940456,0.010892365149840105
David B. Haight,60,-3.2417861136263286,6.39696484816345,25.65028035334454,-21.61768205324804,-7.18777703463361,0.10480349344978165,0.2576419213973799,0.04148471615720524,0.5065502183406113,0.08951965065502183,0.07238563231351837,0.3216115698790144,0.2979875196906506,0.29037339780813093,0.01764188030868572
Dean L. Larsen,11,-5.438075156746569,11.59612757045474,11.144770633415925,-7.726427972635336,-9.576395074488747,0.38028169014084506,0.2112676056338028,0.014084507042253521,0.2676056338028169,0.1267605633802817,0.3259009385733794,0.3272288813383502,0.12553221337641277,0.19034135407646352,0.030996612635394213
Delbert L. Stapley,12,-1.7430144203917948,10.741573225780735,10.697179710119316,-15.817396391016503,-3.878342124491764,0.15584415584415584,0.1774891774891775,0.012987012987012988,0.6017316017316018,0.05194805194805195,0.1384140116402379,0.28490490974698485,0.11995881008820616,0.44355763782143676,0.013164630703134313
Dieter F. Uchtdorf,83,-7.427152368827638,5.846235146947546,26.07977722992054,-16.17596899912232,-8.322891008918143,0.2504488330341113,0.21543985637342908,0.04129263913824058,0.388689407540395,0.10412926391382406,0.17617730934583492,0.27390220784290453,0.30209041143744597,0.2269297175491718,0.020900353824642632
Elaine L. Jack,12,-11.286519105712728,8.081902894360143,19.218022271736977,-7.947059539239676,-8.0663465211447,0.3838383838383838,0.29292929292929293,0.030303030303030304,0.1919191919191919,0.10101010101010101,0.27097319278125653,0.37374832187289436,0.2224832530204001,0.11244859652679515,0.020346635798654006
Elaine S. Dalton,16,-15.986695054178584,-0.6102531649550824,34.33243190343943,-6.495383489692704,-11.240100194613069,0.3497536945812808,0.3251231527093596,0.07389162561576355,0.11822660098522167,0.1330049261083744,0.18988674403949496,0.3190206210598088,0.4172159446501579,0.053272766088294635,0.020603924162243704
Eldred G. Smith,10,-3.334016012912492,-5.71988615854748,53.14166855671789,-34.8926314626283,-9.195134922629617,0.05102040816326531,0.15306122448979592,0.20408163265306123,0.4897959183673469,0.10204081632653061,0.017680248034140388,0.09586236290432112,0.7354983182202401,0.14086960374106394,0.010089467100234445
Ezra Taft Benson,63,-15.429873402133222,4.824548573807191,21.8395304910341,-6.59874939304914,-4.635456269658927,0.4167507568113017,0.3491422805247225,0.039354187689202826,0.13824419778002017,0.056508577194752774,0.2624520227899695,0.39738776626279443,0.25774949259954383,0.07225670384952877,0.010154014498163506
Franklin D. Richards,17,-1.3861603657034884,-0.11404491068104372,29.31219429027466,-23.46893903809487,-4.343049975795256,0.030927835051546393,0.422680412371134,0.061855670103092786,0.4329896907216495,0.05154639175257732,0.017066231394511508,0.4215399632643236,0.3549776130058394,0.19830030034070079,0.008115891994624758
Gary E. Stevenson,24,-13.040159252243752,1.3490812716507512,33.968468128327075,-19.18463733617776,-3.09275281155632,0.3181818181818182,0.2024793388429752,0.06611570247933884,0.3760330578512397,0.0371900826446281,0.18778022565938066,0.2159701515594827,0.40580038376260963,0.18418668448946207,0.006262554529064901
Gerrit W. Gong,18,-7.891055561896287,9.803471746225878,16.730824571565446,-9.281632744998175,-9.361608010896845,0.35154826958105645,0.24408014571949,0.023679417122040074,0.2604735883424408,0.12021857923497267,0.2726377139620936,0.3421148631817488,0.19098766283769456,0.16765726089245903,0.026602499126004223
Gordon B. Hinckley,232,-3.5633545372827884,6.600813805848671,28.507827906942634,-16.583139926671205,-14.962147248837315,0.1162109375,0.2607421875,0.0458984375,0.390625,0.1865234375,0.08057739212717212,0.3267503255584867,0.33097671656942634,0.22479360073328794,0.03690196501162686
H. Burke Peterson,21,-7.072275861738181,11.27191665350642,11.483706874476791,-11.922583214189213,-3.7607644520557955,0.3225806451612903,0.27419354838709675,0.016129032258064516,0.3387096774193548,0.04838709677419355,0.2518578865439085,0.38691271492216095,0.13096610100283243,0.21948384527746267,0.010779452253635592
H. David Burton,14,-4.156915816267589,7.67168998735012,19.64114880684768,-17.93171598446622,-5.224206993463984,0.20270270270270271,0.17567567567567569,0.02702702702702703,0.527027027027027,0.06756756756756757,0.16113354454002682,0.2523925755491769,0.22343851509550386,0.3477098671823648,0.015325497632927733
Harold B. Lee,16,-6.407869548360223,-11.597969512745475,42.77552764018658,-17.42729491110256,-7.342393667978319,0.10650887573964497,0.41420118343195267,0.13609467455621302,0.2603550295857988,0.08284023668639054,0.042430180256042734,0.2982214883044979,0.5638499509580789,0.08608208047477324,0.009416300006607347
Hartman Rector Jr.,16,-7.1243729399065145,10.836932382984592,15.834272290873097,-9.601520140753319,-9.945311593197854,0.30454545454545456,0.2818181818181818,0.022727272727272728,0.2636363636363636,0.12727272727272726,0.23330172514638942,0.39018750564802773,0.1810699956360037,0.16762116222883042,0.02781961134074873
Henry B. Eyring,122,-13.646000655745016,2.9442486667337118,26.676434804048167,-11.11210401113636,-4.862578803900488,0.3442622950819672,0.3237704918032787,0.050546448087431695,0.2226775956284153,0.05874316939890711,0.20780228852451704,0.35321297847061583,0.31731079612791335,0.1115565555170517,0.01011738135990223
Henry D. Taylor,11,-1.0123026186961566,1.297176359923785,35.559015439537056,-19.920422401001357,-15.923466779763318,0.023809523809523808,0.3333333333333333,0.07142857142857142,0.38095238095238093,0.19047619047619047,0.013686497622562244,0.34630509693257117,0.427018725823942,0.18174815694236737,0.03124152267855729
Howard W. Hunter,51,-2.679788064514446,6.737889176814566,27.31708632053339,-16.222164740766367,-15.15302269206713,0.13317757009345793,0.15186915887850466,0.037383177570093455,0.48130841121495327,0.19626168224299065,0.10637968944831347,0.21924805064665032,0.31055404077542736,0.3190867638072896,0.044731455322319334
J. Richard Clarke,13,-9.053630336975694,4.46405700172825,27.58820198551031,-12.883918608530148,-10.11471004173271,0.24691358024691357,0.30864197530864196,0.04938271604938271,0.2716049382716049,0.12345679012345678,0.15637727687715663,0.35328254532592446,0.3252647359044858,0.14276575218630344,0.022309689706129673
J. Thomas Fyans,14,-15.132940812278644,-9.897343320729368,38.965415290609265,-7.307719910544044,-6.627411247057202,0.2641509433962264,0.4339622641509434,0.11320754716981132,0.11320754716981132,0.07547169811320754,0.11282153527343998,0.33498883094364973,0.5028617000759039,0.04013034806437087,0.00919758564263553
James A. Cullimore,10,-5.330265949791818,13.355401542486744,8.355630992759727,-12.310228900672302,-4.07053768478236,0.19230769230769232,0.4358974358974359,0.01282051282051282,0.3076923076923077,0.05128205128205128,0.13900503280977414,0.5694514513223033,0.09637682274811007,0.1845900186855847,0.010576674434227678
James E. Faust,108,-6.362908539105133,5.118166671017798,28.92312067747521,-15.766482469115036,-11.911896340272838,0.1860678276810266,0.27039413382218147,0.04949587534372136,0.3473877176901925,0.1466544454628781,0.12243874228997526,0.32157580053235946,0.33872708211847347,0.18972289299904213,0.0275354820601497
Jeffrey R. Holland,64,-6.606937227499044,4.839669037397446,27.83224823995893,-15.27494064204103,-10.790039407816309,0.2779587404994571,0.1281216069489685,0.04017372421281216,0.4158523344191097,0.13789359391965256,0.2118893682244667,0.17651829732294297,0.31849620661240147,0.2631029279986994,0.029993199841489453
John H. Groberg,10,-10.93864069387583,4.7939168213425445,28.50703982523415,-11.446410375363447,-10.91590557733741,0.36363636363636365,0.18181818181818182,0.045454545454545456,0.2727272727272727,0.13636363636363635,0.25424995669760536,0.22975735003160727,0.33052494370688695,0.15826316897363824,0.027204580590262244
John H. Vandenberg,10,-8.913244280205687,-3.1855751016482143,55.88249609254446,-26.862248510293025,-16.92142820039753,0.13541666666666666,0.08333333333333333,0.21875,0.375,0.1875,0.04628422386460979,0.051477582316851185,0.7775749609254445,0.10637751489706976,0.01828571799602471
Joseph Anderson,13,-7.0915289327844135,-8.263170559355142,48.15763862556262,-20.12030056116992,-12.682638572253142,0.11688311688311688,0.2857142857142857,0.15584415584415584,0.2987012987012987,0.14285714285714285,0.045967827555272754,0.20308258012073427,0.637420542099782,0.0974982930895995,0.01603075713461143
Joseph B. Wirthlin,53,-11.484585832100553,1.676538523768245,34.510528425753115,-17.317595743758414,-7.384885373662408,0.28419654714475434,0.21779548472775564,0.06640106241699867,0.3426294820717131,0.08897742363877822,0.16935068882374882,0.2345608699654381,0.41150634667452984,0.169453524634129,0.015128569902154134
Julie B. Beck,15,-14.834776202047081,-5.74734083906267,38.82575594053016,-11.210153071132469,-7.033485828287933,0.27702702702702703,0.3581081081081081,0.10135135135135136,0.18243243243243243,0.08108108108108109,0.12867926500655621,0.3006346997174814,0.4896089107566529,0.07033090172110774,0.01074622279820176
Keith B. McMullin,11,-10.359566690535424,-3.0283233801403906,34.135134840832556,-13.971803791692464,-6.775440978464287,0.21145374449339208,0.3876651982378855,0.07929515418502203,0.2422907488986784,0.07929515418502203,0.10785807758803784,0.35738196443648157,0.42064650259334757,0.10257271098175377,0.011540744400379164
L. Tom Perry,87,-14.57880194047671,-3.453058930212677,47.54290878254858,-14.218576084617185,-15.292471827242004,0.26877470355731226,0.19960474308300397,0.12648221343873517,0.22924901185770752,0.17588932806324112,0.12298668415254517,0.1650741537808772,0.601911301264221,0.08706325101153568,0.022964609790821083
LeGrand Richards,22,-1.0833820367935287,1.4160875757637228,41.758467842988324,-17.823352348159112,-24.267821033799404,0.05641025641025641,0.03076923076923077,0.05641025641025641,0.541025641025641,0.3153846153846154,0.045576436042321124,0.044930106526868,0.47399493484013966,0.3627921175440499,0.07270640504662133
Loren C. Dunn,18,-3.7118050126062787,17.32930935163099,0.0,-9.996803423010697,-3.6207009160140156,0.2891566265060241,0.30120481927710846,0.0,0.3614457831325301,0.04819277108433735,0.2520385763799613,0.47449791279341835,0.0,0.26147774890242315,0.011985761924197195
M. Russell Ballard,88,-13.222214271516467,-1.5539526992970232,37.245283495665234,-18.669727313875804,-3.799389210975953,0.27603305785123966,0.26611570247933886,0.08429752066115702,0.32892561983471075,0.04462809917355372,0.143810915136075,0.2505761754863686,0.45675035561780936,0.14222834669595272,0.006634207063794189
Marion D. Hanks,21,-2.479331128498885,4.692317716321415,21.55233448839485,-11.11349795707161,-12.651823119145764,0.27636363636363637,0.07272727272727272,0.025454545454545455,0.45454545454545453,0.1709090909090909,0.2515703250786475,0.11965044989048687,0.24097789033849396,0.3434104749747384,0.044390859717633256
Marion G. Romney,65,-9.966210370430547,-4.225721302000474,33.88852065342429,-12.562332686015038,-7.1342562949782184,0.19854469854469856,0.4230769230769231,0.08108108108108109,0.21413721413721415,0.08316008316008316,0.09888259484039309,0.38081971005691834,0.41996628761532395,0.08851388727706379,0.011817520210300978
Mark E. Petersen,27,-5.005430596949026,4.3167953116604405,30.821423010615806,-21.003457442181293,-9.129330283145908,0.1475,0.2225,0.0525,0.465,0.1125,0.09744569403050973,0.2656679531166044,0.36071423010615805,0.2549654255781871,0.02120669716854091
Marvin J. Ashton,44,-6.019447559492298,4.629125880290269,28.532048534419296,-21.044298383385684,-6.09742847183158,0.1815068493150685,0.2226027397260274,0.04794520547945205,0.4726027397260274,0.07534246575342465,0.12131237372014551,0.2688939985289301,0.33326569082364504,0.26215975589217055,0.014368181035108852
N. Eldon Tanner,64,-7.474854407205209,-4.201954950283551,46.447085317642234,-19.894380828732267,-14.875895131421208,0.13813813813813813,0.24624624624624625,0.12312312312312312,0.3213213213213213,0.17117117117117117,0.06338959406608605,0.20422669674341073,0.5875939762995455,0.12237751303399864,0.022412219856959095
Neal A. Maxwell,53,-13.045583087436711,3.0560715344744027,31.39364978039505,-13.74667458592145,-7.657463641511295,0.362143891839691,0.19555770159343314,0.05552873008208595,0.2930951231289232,0.09367455335586673,0.23168806096532388,0.22611841693817716,0.3694652278860364,0.1556283772697087,0.017099916940753784
Neil L. Andersen,39,-10.187497561648428,3.8530731530457523,28.874819236358995,-16.863568307017566,-5.676826520738744,0.28888888888888886,0.22666666666666666,0.05037037037037037,0.36444444444444446,0.06962962962962962,0.18701391327240457,0.2651973981971242,0.3391185627339603,0.1958087613742688,0.01286136442224219
Paul H. Dunn,15,2.049473760904774,14.943951887341388,0.0,-3.8137936865735744,-13.1796319616726,0.32432432432432434,0.16216216216216217,0.0,0.32432432432432434,0.1891891891891892,0.3448190619333721,0.31160168103557606,0.0,0.2861863874585886,0.05739286957246319
Quentin L. Cook,39,-11.726451788548292,6.516037963310239,20.360659577381785,-8.648817635751058,-6.501428116392686,0.3394109396914446,0.35624123422159887,0.03506311360448808,0.18934081346423562,0.07994389901823282,0.22214642180596167,0.42140161385470126,0.23866970937830592,0.10285263710672503,0.014929617854305955
Rex D. Pinegar,15,-3.7181115587800964,15.725872684733888,0.0,-9.087262776254162,-2.9204983496996415,0.35294117647058826,0.2549019607843137,0.0,0.35294117647058826,0.0392156862745098,0.3157600608827873,0.4121606876316526,0.0,0.26206854870804663,0.010010702777513392
Richard C. Edgley,14,-11.571530258069613,4.28672547688662,23.985045380472947,-11.231003010406551,-5.469237588883401,0.47674418604651164,0.11627906976744186,0.03488372093023256,0.3023255813953488,0.06976744186046512,0.3610288834658155,0.15914632453630806,0.27473417473496203,0.1900155512912833,0.015075065971631099
Richard G. Scott,59,-20.767818782078105,-2.554227692719513,34.994425530788334,-7.737735384505282,-3.9346436714854263,0.4225941422594142,0.3158995815899582,0.08158995815899582,0.13389121338912133,0.04602510460251046,0.21491595443863315,0.29035730466276305,0.43153421346687915,0.05651385954406851,0.006678667887656195
Robert D. Hales,58,-13.262189898689023,-0.510015261043098,39.26542419550958,-19.05594534876615,-6.437273687011298,0.28804347826086957,0.2056159420289855,0.08514492753623189,0.3451086956521739,0.07608695652173914,0.15542157927397934,0.20051578941855452,0.47779916949132767,0.15454924216451238,0.011714219651626159
Robert L. Simpson,14,-3.3601736664954625,-4.821879938761253,39.94754711437508,-23.839240236389102,-7.926253272729265,0.06422018348623854,0.3486238532110092,0.10091743119266056,0.3944954128440367,0.09174311926605505,0.03061844682128391,0.30040505382339666,0.5003929023364113,0.1561030104801457,0.012480586538762394
Ronald A. Rasband,27,-8.383384098855561,7.496811390904074,21.45753190296992,-12.267750692691534,-8.3032085023269,0.32265446224256294,0.2219679633867277,0.032036613272311214,0.3180778032036613,0.10526315789473684,0.23882062125400733,0.29693607729576843,0.24661193230201042,0.19540029627674596,0.02223107287146784
Russell M. Nelson,114,-12.249660309474855,2.218009379095587,31.522247919828946,-10.851203751407802,-10.639393238041873,0.30246749801008227,0.2942425046431414,0.06075882196869196,0.21438047227381268,0.12815070310427168,0.17997089491533372,0.31642259843409726,0.3759813011669814,0.10586843475973468,0.02175677072385295
S. Dilworth Young,12,-6.275972741865411,1.2825712420196047,47.581154763120466,-14.61610088343797,-27.971652379836687,0.1650485436893204,0.10679611650485436,0.08737864077669903,0.30097087378640774,0.33980582524271846,0.10228881627066629,0.11962182892505041,0.5631901884079037,0.15480986495202806,0.06008930144435161
Spencer W. Kimball,75,-6.123434829402381,-4.358630576189842,49.18677913869437,-20.07516051759859,-18.62955321550355,0.11030741410488246,0.2224231464737794,0.13562386980108498,0.3182640144665461,0.21338155515370705,0.04907306581085865,0.17883684071188097,0.6274916611880287,0.11751240929056023,0.027086022998671556
Sterling W. Sill,11,-3.683540888663444,-0.8947277226668465,44.27083119247326,-23.051880213237727,-16.640682367905242,0.0784313725490196,0.21568627450980393,0.09803921568627451,0.4117647058823529,0.19607843137254902,0.04159596366238517,0.20673899728313547,0.5407475276110071,0.18124590374997565,0.029671607693496617
Theodore M. Burton,14,-6.9708668739771396,3.1085972541677,29.81648600877001,-16.683027756439376,-9.271188632521202,0.17757009345794392,0.3177570093457944,0.056074766355140186,0.3364485981308411,0.11214953271028037,0.10786142471817252,0.34884298188747137,0.3542396264428403,0.16961832056644735,0.01943764638506836
Thomas S. Monson,234,-1.1745906919319746,10.541452375865438,17.78746545127943,-12.769210664070258,-14.385116471142634,0.11493461803165864,0.16930488644184447,0.021335168616655197,0.5010323468685478,0.19339298004129388,0.10318871111233889,0.27471941020049884,0.1992098231294495,0.37334024022784523,0.04954181532986755
Ulisses Soares,21,-12.08092669772497,2.7917920509981653,33.695141503911586,-14.522762659276939,-9.883244197907844,0.3525773195876289,0.14845360824742268,0.0577319587628866,0.31958762886597936,0.12164948453608247,0.2317680526103792,0.17637152875740433,0.39468337380200247,0.17436000227320997,0.022817042557004015
Vaughn J. Featherstone,18,-8.628229862387258,1.6714515480935777,39.61488389139119,-19.780041748783173,-12.878063828314335,0.2289156626506024,0.13253012048192772,0.07228915662650602,0.40963855421686746,0.1566265060240964,0.14263336402672983,0.1492446359628635,0.46843799554041793,0.21183813672903573,0.027845867740953052
Victor L. Brown,28,-5.589520021441728,0.8074090415413682,35.52711432617879,-14.520411752881321,-16.224591593397104,0.12903225806451613,0.33064516129032256,0.07258064516129033,0.27419354838709675,0.1935483870967742,0.07313705785009884,0.33871925170573625,0.4278517884230782,0.12898943085828354,0.03130247116280316
William Grant Bangerter,11,-9.014721018995688,-4.592264152230518,38.385755743324886,-15.201165744651512,-9.577604827447162,0.1746031746031746,0.36507936507936506,0.09523809523809523,0.25396825396825395,0.1111111111111111,0.0844559644132177,0.3191567235570599,0.4790956526713441,0.10195659652173884,0.015335062836639478
